<?xml version="1.0" encoding="UTF-8"?>
<project version="4">
  <component name="CMakeRunConfigurationManager" shouldGenerate="true" assignedExecutableTargets="true" buildAllGenerated="true">
    <generated>
      <config projectName="D_AGC_DR" targetName="D_AGC_DR" />
    </generated>
  </component>
  <component name="CMakeSettings" AUTO_RELOAD="false" GENERATION_PASS_SYSTEM_ENVIRONMENT="true">
    <ADDITIONAL_GENERATION_ENVIRONMENT>
      <envs />
    </ADDITIONAL_GENERATION_ENVIRONMENT>
  </component>
  <component name="ChangeListManager">
    <list default="true" id="32a04355-c1be-486c-b3d0-c779a6d7c423" name="Default" comment="" />
    <ignored path="D-AGC-DR.iws" />
    <ignored path=".idea/workspace.xml" />
    <option name="EXCLUDED_CONVERTED_TO_IGNORED" value="true" />
    <option name="TRACKING_ENABLED" value="true" />
    <option name="SHOW_DIALOG" value="false" />
    <option name="HIGHLIGHT_CONFLICTS" value="true" />
    <option name="HIGHLIGHT_NON_ACTIVE_CHANGELIST" value="false" />
    <option name="LAST_RESOLUTION" value="IGNORE" />
  </component>
  <component name="ChangesViewManager" flattened_view="true" show_ignored="false" />
  <component name="CreatePatchCommitExecutor">
    <option name="PATCH_PATH" value="" />
  </component>
  <component name="ExecutionTargetManager" SELECTED_TARGET="default_target" />
  <component name="FavoritesManager">
    <favorites_list name="D-AGC-DR" />
  </component>
  <component name="FileEditorManager">
    <leaf>
      <file leaf-file-name="Problem.h" pinned="false" current-in-tab="true">
        <entry file="file://$PROJECT_DIR$/src/Problem.h">
          <provider selected="true" editor-type-id="text-editor">
            <state vertical-scroll-proportion="0.5329949">
              <caret line="17" column="0" selection-start-line="17" selection-start-column="0" selection-end-line="17" selection-end-column="0" />
              <folding>
                <element signature="e#272#534#0" expanded="false" />
              </folding>
            </state>
          </provider>
        </entry>
      </file>
      <file leaf-file-name="data.dat" pinned="false" current-in-tab="false">
        <entry file="file://$PROJECT_DIR$/test/data.dat">
          <provider selected="true" editor-type-id="text-editor">
            <state vertical-scroll-proportion="0.0">
              <caret line="30" column="19" selection-start-line="30" selection-start-column="19" selection-end-line="30" selection-end-column="19" />
              <folding />
            </state>
          </provider>
        </entry>
      </file>
      <file leaf-file-name="FlowVariable.h" pinned="false" current-in-tab="false">
        <entry file="file://$PROJECT_DIR$/src/FlowVariable.h">
          <provider selected="true" editor-type-id="text-editor">
            <state vertical-scroll-proportion="0.0">
              <caret line="94" column="80" selection-start-line="94" selection-start-column="80" selection-end-line="94" selection-end-column="80" />
              <folding>
                <element signature="e#120#137#0" expanded="true" />
              </folding>
            </state>
          </provider>
        </entry>
      </file>
      <file leaf-file-name="Problem.cpp" pinned="false" current-in-tab="false">
        <entry file="file://$PROJECT_DIR$/src/Problem.cpp">
          <provider selected="true" editor-type-id="text-editor">
            <state vertical-scroll-proportion="0.0">
              <caret line="210" column="5" selection-start-line="210" selection-start-column="5" selection-end-line="210" selection-end-column="5" />
              <folding>
                <element signature="e#54#72#0" expanded="true" />
              </folding>
            </state>
          </provider>
        </entry>
      </file>
      <file leaf-file-name="todo.txt" pinned="false" current-in-tab="false">
        <entry file="file://$PROJECT_DIR$/todo.txt">
          <provider selected="true" editor-type-id="text-editor">
            <state vertical-scroll-proportion="0.0">
              <caret line="2" column="99" selection-start-line="2" selection-start-column="99" selection-end-line="2" selection-end-column="99" />
              <folding />
            </state>
          </provider>
        </entry>
      </file>
      <file leaf-file-name="main.cpp" pinned="false" current-in-tab="false">
        <entry file="file://$PROJECT_DIR$/main.cpp">
          <provider selected="true" editor-type-id="text-editor">
            <state vertical-scroll-proportion="0.0">
              <caret line="6" column="0" selection-start-line="6" selection-start-column="0" selection-end-line="6" selection-end-column="0" />
              <folding />
            </state>
          </provider>
        </entry>
      </file>
      <file leaf-file-name="BusAgent.h" pinned="false" current-in-tab="false">
        <entry file="file://$PROJECT_DIR$/src/BusAgent.h">
          <provider selected="true" editor-type-id="text-editor">
            <state vertical-scroll-proportion="0.0">
              <caret line="73" column="4" selection-start-line="73" selection-start-column="4" selection-end-line="73" selection-end-column="10" />
              <folding>
                <element signature="e#2132#2754#0" expanded="false" />
              </folding>
            </state>
          </provider>
        </entry>
      </file>
    </leaf>
  </component>
  <component name="IdeDocumentHistory">
    <option name="CHANGED_PATHS">
      <list>
        <option value="$PROJECT_DIR$/src/IEEEGraph.cpp" />
        <option value="$PROJECT_DIR$/src/IEEEBus.h" />
        <option value="$PROJECT_DIR$/src/IEEEGraph.h" />
        <option value="$PROJECT_DIR$/src/IEEEBranch.h" />
        <option value="$PROJECT_DIR$/src/IO/IEEEGraph.h" />
        <option value="$PROJECT_DIR$/src/IO/IEEEGraph.cpp" />
        <option value="$PROJECT_DIR$/lib/misc_utils/string_utils.hpp" />
        <option value="$PROJECT_DIR$/src/IO/IEEEBus.h" />
        <option value="$PROJECT_DIR$/src/GeneratorVariable.h" />
        <option value="$PROJECT_DIR$/src/LoadVariable.h" />
        <option value="$PROJECT_DIR$/src/BusAgent.cpp" />
        <option value="$PROJECT_DIR$/lib/misc_utils/math_utils.hpp.h" />
        <option value="$USER_HOME$/Downloads/matrix/testmat.cpp" />
        <option value="$PROJECT_DIR$/CMakeLists.txt" />
        <option value="$PROJECT_DIR$/test/data.dat" />
        <option value="$PROJECT_DIR$/lib/misc_utils/linear_algebra.hpp" />
        <option value="$PROJECT_DIR$/src/Problem.h" />
        <option value="$PROJECT_DIR$/todo.txt" />
        <option value="$PROJECT_DIR$/main.cpp" />
        <option value="$PROJECT_DIR$/src/FlowVariable.h" />
        <option value="$PROJECT_DIR$/src/BusAgent.h" />
        <option value="$PROJECT_DIR$/src/Problem.cpp" />
      </list>
    </option>
  </component>
  <component name="JsBuildToolGruntFileManager" detection-done="true" />
  <component name="JsGulpfileManager">
    <detection-done>true</detection-done>
  </component>
  <component name="NamedScopeManager">
    <order />
  </component>
  <component name="ProjectFrameBounds">
    <option name="x" value="385" />
    <option name="y" value="24" />
    <option name="width" value="1197" />
    <option name="height" value="945" />
  </component>
  <component name="ProjectLevelVcsManager" settingsEditedManually="false">
    <OptionsSetting value="true" id="Add" />
    <OptionsSetting value="true" id="Remove" />
    <OptionsSetting value="true" id="Checkout" />
    <OptionsSetting value="true" id="Update" />
    <OptionsSetting value="true" id="Status" />
    <OptionsSetting value="true" id="Edit" />
    <ConfirmationsSetting value="0" id="Add" />
    <ConfirmationsSetting value="0" id="Remove" />
  </component>
  <component name="ProjectView">
    <navigator currentView="ProjectPane" proportions="" version="1">
      <flattenPackages />
      <showMembers />
      <showModules />
      <showLibraryContents />
      <hideEmptyPackages />
      <abbreviatePackageNames />
      <autoscrollToSource />
      <autoscrollFromSource />
      <sortByType />
    </navigator>
    <panes>
      <pane id="ProjectPane">
        <subPane>
          <PATH>
            <PATH_ELEMENT>
              <option name="myItemId" value="D-AGC-DR" />
              <option name="myItemType" value="com.jetbrains.cidr.projectView.CidrFilesViewHelper$MyProjectTreeStructure$1" />
            </PATH_ELEMENT>
          </PATH>
          <PATH>
            <PATH_ELEMENT>
              <option name="myItemId" value="D-AGC-DR" />
              <option name="myItemType" value="com.jetbrains.cidr.projectView.CidrFilesViewHelper$MyProjectTreeStructure$1" />
            </PATH_ELEMENT>
            <PATH_ELEMENT>
              <option name="myItemId" value="D-AGC-DR" />
              <option name="myItemType" value="com.intellij.ide.projectView.impl.nodes.PsiDirectoryNode" />
            </PATH_ELEMENT>
          </PATH>
          <PATH>
            <PATH_ELEMENT>
              <option name="myItemId" value="D-AGC-DR" />
              <option name="myItemType" value="com.jetbrains.cidr.projectView.CidrFilesViewHelper$MyProjectTreeStructure$1" />
            </PATH_ELEMENT>
            <PATH_ELEMENT>
              <option name="myItemId" value="D-AGC-DR" />
              <option name="myItemType" value="com.intellij.ide.projectView.impl.nodes.PsiDirectoryNode" />
            </PATH_ELEMENT>
            <PATH_ELEMENT>
              <option name="myItemId" value="test" />
              <option name="myItemType" value="com.intellij.ide.projectView.impl.nodes.PsiDirectoryNode" />
            </PATH_ELEMENT>
          </PATH>
          <PATH>
            <PATH_ELEMENT>
              <option name="myItemId" value="D-AGC-DR" />
              <option name="myItemType" value="com.jetbrains.cidr.projectView.CidrFilesViewHelper$MyProjectTreeStructure$1" />
            </PATH_ELEMENT>
            <PATH_ELEMENT>
              <option name="myItemId" value="D-AGC-DR" />
              <option name="myItemType" value="com.intellij.ide.projectView.impl.nodes.PsiDirectoryNode" />
            </PATH_ELEMENT>
            <PATH_ELEMENT>
              <option name="myItemId" value="src" />
              <option name="myItemType" value="com.intellij.ide.projectView.impl.nodes.PsiDirectoryNode" />
            </PATH_ELEMENT>
          </PATH>
          <PATH>
            <PATH_ELEMENT>
              <option name="myItemId" value="D-AGC-DR" />
              <option name="myItemType" value="com.jetbrains.cidr.projectView.CidrFilesViewHelper$MyProjectTreeStructure$1" />
            </PATH_ELEMENT>
            <PATH_ELEMENT>
              <option name="myItemId" value="D-AGC-DR" />
              <option name="myItemType" value="com.intellij.ide.projectView.impl.nodes.PsiDirectoryNode" />
            </PATH_ELEMENT>
            <PATH_ELEMENT>
              <option name="myItemId" value="src" />
              <option name="myItemType" value="com.intellij.ide.projectView.impl.nodes.PsiDirectoryNode" />
            </PATH_ELEMENT>
            <PATH_ELEMENT>
              <option name="myItemId" value="IO" />
              <option name="myItemType" value="com.intellij.ide.projectView.impl.nodes.PsiDirectoryNode" />
            </PATH_ELEMENT>
          </PATH>
          <PATH>
            <PATH_ELEMENT>
              <option name="myItemId" value="D-AGC-DR" />
              <option name="myItemType" value="com.jetbrains.cidr.projectView.CidrFilesViewHelper$MyProjectTreeStructure$1" />
            </PATH_ELEMENT>
            <PATH_ELEMENT>
              <option name="myItemId" value="D-AGC-DR" />
              <option name="myItemType" value="com.intellij.ide.projectView.impl.nodes.PsiDirectoryNode" />
            </PATH_ELEMENT>
            <PATH_ELEMENT>
              <option name="myItemId" value="lib" />
              <option name="myItemType" value="com.intellij.ide.projectView.impl.nodes.PsiDirectoryNode" />
            </PATH_ELEMENT>
          </PATH>
          <PATH>
            <PATH_ELEMENT>
              <option name="myItemId" value="D-AGC-DR" />
              <option name="myItemType" value="com.jetbrains.cidr.projectView.CidrFilesViewHelper$MyProjectTreeStructure$1" />
            </PATH_ELEMENT>
            <PATH_ELEMENT>
              <option name="myItemId" value="D-AGC-DR" />
              <option name="myItemType" value="com.intellij.ide.projectView.impl.nodes.PsiDirectoryNode" />
            </PATH_ELEMENT>
            <PATH_ELEMENT>
              <option name="myItemId" value="lib" />
              <option name="myItemType" value="com.intellij.ide.projectView.impl.nodes.PsiDirectoryNode" />
            </PATH_ELEMENT>
            <PATH_ELEMENT>
              <option name="myItemId" value="misc_utils" />
              <option name="myItemType" value="com.intellij.ide.projectView.impl.nodes.PsiDirectoryNode" />
            </PATH_ELEMENT>
          </PATH>
        </subPane>
      </pane>
    </panes>
  </component>
  <component name="PropertiesComponent">
    <property name="recentsLimit" value="5" />
    <property name="FullScreen" value="false" />
  </component>
  <component name="RecentsManager">
    <key name="MoveFile.RECENT_KEYS">
      <recent name="$PROJECT_DIR$" />
      <recent name="$PROJECT_DIR$/src/IO" />
      <recent name="$PROJECT_DIR$/test" />
    </key>
  </component>
  <component name="RunManager" selected="Application.D_AGC_DR">
    <configuration default="true" type="CMakeRunConfiguration" factoryName="Application" PASS_PARENT_ENVS="FALSE" PROJECT_NAME="D_AGC_DR" TARGET_NAME="D_AGC_DR" CONFIG_NAME="Debug">
      <envs />
      <method />
    </configuration>
    <configuration default="true" type="js.build_tools.gulp" factoryName="Gulp.js">
      <node-options />
      <gulpfile />
      <tasks />
      <arguments />
      <pass-parent-envs>true</pass-parent-envs>
      <envs />
      <method />
    </configuration>
    <configuration default="false" name="Build All" type="CMakeRunConfiguration" factoryName="Application" PASS_PARENT_ENVS="FALSE" CONFIG_NAME="Debug" EXPLICIT_BUILD_TARGET_NAME="all">
      <envs />
      <method />
    </configuration>
    <configuration default="false" name="D_AGC_DR" type="CMakeRunConfiguration" factoryName="Application" PASS_PARENT_ENVS="FALSE" PROJECT_NAME="D_AGC_DR" TARGET_NAME="D_AGC_DR" CONFIG_NAME="Debug" RUN_TARGET_PROJECT_NAME="D_AGC_DR" RUN_TARGET_NAME="D_AGC_DR">
      <envs />
      <method />
    </configuration>
    <list size="2">
      <item index="0" class="java.lang.String" itemvalue="Application.Build All" />
      <item index="1" class="java.lang.String" itemvalue="Application.D_AGC_DR" />
    </list>
  </component>
  <component name="ShelveChangesManager" show_recycled="false" />
  <component name="SvnConfiguration">
    <configuration />
  </component>
  <component name="TaskManager">
    <task active="true" id="Default" summary="Default task">
      <changelist id="32a04355-c1be-486c-b3d0-c779a6d7c423" name="Default" comment="" />
      <created>1446219786257</created>
      <option name="number" value="Default" />
      <updated>1446219786257</updated>
    </task>
    <servers />
  </component>
  <component name="ToolWindowManager">
    <frame x="385" y="24" width="1197" height="945" extended-state="0" />
    <editor active="false" />
    <layout>
      <window_info id="Messages" active="false" anchor="bottom" auto_hide="false" internal_type="DOCKED" type="DOCKED" visible="true" weight="0.5052755" sideWeight="0.5" order="7" side_tool="false" content_ui="tabs" />
      <window_info id="Terminal" active="false" anchor="bottom" auto_hide="false" internal_type="DOCKED" type="DOCKED" visible="false" weight="0.33" sideWeight="0.5" order="7" side_tool="false" content_ui="tabs" />
      <window_info id="TODO" active="false" anchor="bottom" auto_hide="false" internal_type="DOCKED" type="DOCKED" visible="false" weight="0.33" sideWeight="0.5" order="6" side_tool="false" content_ui="tabs" />
      <window_info id="Find" active="false" anchor="bottom" auto_hide="false" internal_type="DOCKED" type="DOCKED" visible="false" weight="0.32891566" sideWeight="0.5" order="1" side_tool="false" content_ui="tabs" />
      <window_info id="Structure" active="false" anchor="left" auto_hide="false" internal_type="DOCKED" type="DOCKED" visible="false" weight="0.24983521" sideWeight="0.5" order="1" side_tool="false" content_ui="tabs" />
      <window_info id="CMake" active="false" anchor="bottom" auto_hide="false" internal_type="DOCKED" type="DOCKED" visible="false" weight="0.33" sideWeight="0.5" order="7" side_tool="false" content_ui="tabs" />
      <window_info id="Project" active="false" anchor="left" auto_hide="false" internal_type="DOCKED" type="DOCKED" visible="true" weight="0.22278911" sideWeight="0.5" order="0" side_tool="false" content_ui="combo" />
      <window_info id="Debug" active="false" anchor="bottom" auto_hide="false" internal_type="DOCKED" type="DOCKED" visible="false" weight="0.39976552" sideWeight="0.5" order="3" side_tool="false" content_ui="tabs" />
      <window_info id="Run" active="false" anchor="bottom" auto_hide="false" internal_type="DOCKED" type="DOCKED" visible="false" weight="0.41852286" sideWeight="0.5" order="2" side_tool="false" content_ui="tabs" />
      <window_info id="Favorites" active="false" anchor="left" auto_hide="false" internal_type="DOCKED" type="DOCKED" visible="false" weight="0.33" sideWeight="0.5" order="2" side_tool="true" content_ui="tabs" />
      <window_info id="Event Log" active="false" anchor="bottom" auto_hide="false" internal_type="DOCKED" type="DOCKED" visible="false" weight="0.33" sideWeight="0.5" order="7" side_tool="true" content_ui="tabs" />
      <window_info id="Version Control" active="false" anchor="bottom" auto_hide="false" internal_type="DOCKED" type="DOCKED" visible="false" weight="0.33" sideWeight="0.5" order="7" side_tool="false" content_ui="tabs" />
      <window_info id="Cvs" active="false" anchor="bottom" auto_hide="false" internal_type="DOCKED" type="DOCKED" visible="false" weight="0.25" sideWeight="0.5" order="4" side_tool="false" content_ui="tabs" />
      <window_info id="Message" active="false" anchor="bottom" auto_hide="false" internal_type="DOCKED" type="DOCKED" visible="false" weight="0.33" sideWeight="0.5" order="0" side_tool="false" content_ui="tabs" />
      <window_info id="Ant Build" active="false" anchor="right" auto_hide="false" internal_type="DOCKED" type="DOCKED" visible="false" weight="0.25" sideWeight="0.5" order="1" side_tool="false" content_ui="tabs" />
      <window_info id="Commander" active="false" anchor="right" auto_hide="false" internal_type="SLIDING" type="SLIDING" visible="false" weight="0.4" sideWeight="0.5" order="0" side_tool="false" content_ui="tabs" />
      <window_info id="Hierarchy" active="false" anchor="right" auto_hide="false" internal_type="DOCKED" type="DOCKED" visible="false" weight="0.25" sideWeight="0.5" order="2" side_tool="false" content_ui="combo" />
      <window_info id="Inspection" active="false" anchor="bottom" auto_hide="false" internal_type="DOCKED" type="DOCKED" visible="false" weight="0.4" sideWeight="0.5" order="5" side_tool="false" content_ui="tabs" />
    </layout>
    <layout-to-restore>
      <window_info id="Cvs" active="false" anchor="bottom" auto_hide="false" internal_type="DOCKED" type="DOCKED" visible="false" weight="0.25" sideWeight="0.5" order="4" side_tool="false" content_ui="tabs" />
      <window_info id="Message" active="false" anchor="bottom" auto_hide="false" internal_type="DOCKED" type="DOCKED" visible="false" weight="0.33" sideWeight="0.5" order="0" side_tool="false" content_ui="tabs" />
      <window_info id="Terminal" active="false" anchor="bottom" auto_hide="false" internal_type="DOCKED" type="DOCKED" visible="false" weight="0.33" sideWeight="0.5" order="7" side_tool="false" content_ui="tabs" />
      <window_info id="Ant Build" active="false" anchor="right" auto_hide="false" internal_type="DOCKED" type="DOCKED" visible="false" weight="0.25" sideWeight="0.5" order="1" side_tool="false" content_ui="tabs" />
      <window_info id="Find" active="false" anchor="bottom" auto_hide="false" internal_type="DOCKED" type="DOCKED" visible="false" weight="0.32891566" sideWeight="0.5" order="1" side_tool="false" content_ui="tabs" />
      <window_info id="CMake" active="false" anchor="bottom" auto_hide="false" internal_type="DOCKED" type="DOCKED" visible="false" weight="0.33" sideWeight="0.5" order="8" side_tool="false" content_ui="tabs" />
      <window_info id="Debug" active="false" anchor="bottom" auto_hide="false" internal_type="DOCKED" type="DOCKED" visible="false" weight="0.4" sideWeight="0.5" order="3" side_tool="false" content_ui="tabs" />
      <window_info id="Favorites" active="false" anchor="left" auto_hide="false" internal_type="DOCKED" type="DOCKED" visible="false" weight="0.33" sideWeight="0.5" order="2" side_tool="true" content_ui="tabs" />
      <window_info id="Event Log" active="false" anchor="bottom" auto_hide="false" internal_type="DOCKED" type="DOCKED" visible="false" weight="0.33" sideWeight="0.5" order="9" side_tool="true" content_ui="tabs" />
      <window_info id="Version Control" active="false" anchor="bottom" auto_hide="false" internal_type="DOCKED" type="DOCKED" visible="false" weight="0.33" sideWeight="0.5" order="10" side_tool="false" content_ui="tabs" />
      <window_info id="Messages" active="false" anchor="bottom" auto_hide="false" internal_type="DOCKED" type="DOCKED" visible="false" weight="0.2819277" sideWeight="0.5" order="11" side_tool="false" content_ui="tabs" />
      <window_info id="TODO" active="false" anchor="bottom" auto_hide="false" internal_type="DOCKED" type="DOCKED" visible="false" weight="0.33" sideWeight="0.5" order="6" side_tool="false" content_ui="tabs" />
      <window_info id="Structure" active="false" anchor="left" auto_hide="false" internal_type="DOCKED" type="DOCKED" visible="false" weight="0.25" sideWeight="0.5" order="1" side_tool="false" content_ui="tabs" />
      <window_info id="Commander" active="false" anchor="right" auto_hide="false" internal_type="SLIDING" type="SLIDING" visible="false" weight="0.4" sideWeight="0.5" order="0" side_tool="false" content_ui="tabs" />
      <window_info id="Project" active="false" anchor="left" auto_hide="false" internal_type="DOCKED" type="DOCKED" visible="true" weight="0.15574348" sideWeight="0.5" order="0" side_tool="false" content_ui="combo" />
      <window_info id="Inspection" active="false" anchor="bottom" auto_hide="false" internal_type="DOCKED" type="DOCKED" visible="false" weight="0.4" sideWeight="0.5" order="5" side_tool="false" content_ui="tabs" />
      <window_info id="Hierarchy" active="false" anchor="right" auto_hide="false" internal_type="DOCKED" type="DOCKED" visible="false" weight="0.25" sideWeight="0.5" order="2" side_tool="false" content_ui="combo" />
      <window_info id="Run" active="false" anchor="bottom" auto_hide="false" internal_type="DOCKED" type="DOCKED" visible="true" weight="0.3" sideWeight="0.5" order="2" side_tool="false" content_ui="tabs" />
    </layout-to-restore>
  </component>
  <component name="Vcs.Log.UiProperties">
    <option name="RECENTLY_FILTERED_USER_GROUPS">
      <collection />
    </option>
    <option name="RECENTLY_FILTERED_BRANCH_GROUPS">
      <collection />
    </option>
  </component>
  <component name="VcsContentAnnotationSettings">
    <option name="myLimit" value="2678400000" />
  </component>
  <component name="XDebuggerManager">
    <breakpoint-manager>
      <option name="time" value="4" />
    </breakpoint-manager>
    <watches-manager />
  </component>
  <component name="editorHistoryManager">
    <entry file="file://$PROJECT_DIR$/src/Problem.h">
      <provider selected="true" editor-type-id="text-editor">
        <state vertical-scroll-proportion="0.0">
          <caret line="0" column="0" selection-start-line="0" selection-start-column="0" selection-end-line="0" selection-end-column="0" />
          <folding>
            <element signature="e#109#126#0" expanded="false" />
          </folding>
        </state>
      </provider>
    </entry>
    <entry file="file://$PROJECT_DIR$/src/GeneratorVariable.h">
      <provider selected="true" editor-type-id="text-editor">
        <state vertical-scroll-proportion="0.0">
          <caret line="52" column="22" selection-start-line="52" selection-start-column="22" selection-end-line="52" selection-end-column="22" />
          <folding />
        </state>
      </provider>
    </entry>
    <entry file="file://$PROJECT_DIR$/src/Problem.cpp">
      <provider selected="true" editor-type-id="text-editor">
        <state vertical-scroll-proportion="0.0">
          <caret line="13" column="0" selection-start-line="13" selection-start-column="0" selection-end-line="13" selection-end-column="0" />
          <folding>
            <element signature="e#54#72#0" expanded="true" />
          </folding>
        </state>
      </provider>
    </entry>
    <entry file="file://$PROJECT_DIR$/CMakeLists.txt">
      <provider selected="true" editor-type-id="text-editor">
        <state vertical-scroll-proportion="0.0">
          <caret line="12" column="17" selection-start-line="12" selection-start-column="17" selection-end-line="12" selection-end-column="17" />
          <folding />
        </state>
      </provider>
    </entry>
    <entry file="file://$PROJECT_DIR$/src/GeneratorVariable.h">
      <provider selected="true" editor-type-id="text-editor">
        <state vertical-scroll-proportion="0.0">
          <caret line="29" column="55" selection-start-line="29" selection-start-column="55" selection-end-line="29" selection-end-column="55" />
          <folding />
        </state>
      </provider>
    </entry>
    <entry file="file://$PROJECT_DIR$/src/BusAgent.h">
      <provider selected="true" editor-type-id="text-editor">
        <state vertical-scroll-proportion="0.0">
          <caret line="21" column="0" selection-start-line="21" selection-start-column="0" selection-end-line="21" selection-end-column="0" />
          <folding>
            <element signature="e#2132#2754#0" expanded="false" />
          </folding>
        </state>
      </provider>
    </entry>
    <entry file="file://$PROJECT_DIR$/src/IO/IEEEGraph.h">
      <provider selected="true" editor-type-id="text-editor">
        <state vertical-scroll-proportion="0.0">
          <caret line="12" column="13" selection-start-line="12" selection-start-column="13" selection-end-line="12" selection-end-column="13" />
          <folding>
            <element signature="e#1729#1796#0" expanded="false" />
          </folding>
        </state>
      </provider>
    </entry>
    <entry file="file://$PROJECT_DIR$/src/Problem.cpp">
      <provider selected="true" editor-type-id="text-editor">
        <state vertical-scroll-proportion="0.0">
          <caret line="0" column="0" selection-start-line="0" selection-start-column="0" selection-end-line="0" selection-end-column="0" />
          <folding>
            <element signature="e#54#72#0" expanded="true" />
          </folding>
        </state>
      </provider>
    </entry>
    <entry file="file://$PROJECT_DIR$/src/Problem.h">
      <provider selected="true" editor-type-id="text-editor">
        <state vertical-scroll-proportion="0.0">
          <caret line="0" column="0" selection-start-line="0" selection-start-column="0" selection-end-line="0" selection-end-column="0" />
          <folding>
            <element signature="e#109#126#0" expanded="false" />
          </folding>
        </state>
      </provider>
    </entry>
    <entry file="file://$PROJECT_DIR$/test/ieee30cdf.txt">
      <provider selected="true" editor-type-id="text-editor">
        <state vertical-scroll-proportion="-0.64933133">
          <caret line="0" column="0" selection-start-line="0" selection-start-column="0" selection-end-line="0" selection-end-column="0" />
        </state>
      </provider>
    </entry>
    <entry file="file://$PROJECT_DIR$/src/IO/IEEEGraph.h">
      <provider selected="true" editor-type-id="text-editor">
        <state vertical-scroll-proportion="0.0">
          <caret line="12" column="13" selection-start-line="12" selection-start-column="13" selection-end-line="12" selection-end-column="13" />
          <folding>
            <element signature="e#1729#1796#0" expanded="false" />
          </folding>
        </state>
      </provider>
    </entry>
    <entry file="file://$PROJECT_DIR$/src/IO/IEEEBus.h">
      <provider selected="true" editor-type-id="text-editor">
        <state vertical-scroll-proportion="0.6181263">
          <caret line="135" column="0" selection-start-line="135" selection-start-column="0" selection-end-line="142" selection-end-column="0" />
          <folding />
        </state>
      </provider>
    </entry>
    <entry file="file://$PROJECT_DIR$/src/IO/IEEEBranch.h">
      <provider selected="true" editor-type-id="text-editor">
        <state vertical-scroll-proportion="0.5414847">
          <caret line="146" column="66" selection-start-line="146" selection-start-column="66" selection-end-line="146" selection-end-column="66" />
          <folding />
        </state>
      </provider>
    </entry>
    <entry file="file://$PROJECT_DIR$/src/LoadVariable.h">
      <provider selected="true" editor-type-id="text-editor">
        <state vertical-scroll-proportion="0.18486172">
          <caret line="13" column="18" selection-start-line="13" selection-start-column="0" selection-end-line="14" selection-end-column="0" />
          <folding />
        </state>
      </provider>
    </entry>
    <entry file="file://$PROJECT_DIR$/src/GeneratorVariable.h">
      <provider selected="true" editor-type-id="text-editor">
        <state vertical-scroll-proportion="0.47377938">
          <caret line="52" column="22" selection-start-line="52" selection-start-column="22" selection-end-line="52" selection-end-column="22" />
          <folding />
        </state>
      </provider>
    </entry>
    <entry file="file:///usr/include/math.h">
      <provider selected="true" editor-type-id="text-editor">
        <state vertical-scroll-proportion="0.33257404">
          <caret line="489" column="28" selection-start-line="489" selection-start-column="28" selection-end-line="489" selection-end-column="28" />
          <folding />
        </state>
      </provider>
    </entry>
    <entry file="file://$PROJECT_DIR$/lib/misc_utils/utils.hpp">
      <provider selected="true" editor-type-id="text-editor">
        <state vertical-scroll-proportion="0.0">
          <caret line="203" column="11" selection-start-line="203" selection-start-column="11" selection-end-line="203" selection-end-column="11" />
          <folding>
            <element signature="e#59#79#0" expanded="false" />
          </folding>
        </state>
      </provider>
    </entry>
    <entry file="file:///Library/Developer/CommandLineTools/usr/include/c++/v1/algorithm">
      <provider selected="true" editor-type-id="text-editor">
        <state vertical-scroll-proportion="0.729805">
          <caret line="1769" column="54" selection-start-line="1769" selection-start-column="54" selection-end-line="1769" selection-end-column="54" />
          <folding />
        </state>
      </provider>
    </entry>
    <entry file="file://$USER_HOME$/Downloads/matrix/matrix.h">
      <provider selected="true" editor-type-id="text-editor">
        <state vertical-scroll-proportion="0.2880922">
          <caret line="15" column="26" selection-start-line="15" selection-start-column="26" selection-end-line="15" selection-end-column="26" />
          <folding>
            <element signature="e#357#366#0" expanded="false" />
          </folding>
        </state>
      </provider>
    </entry>
    <entry file="file://$PROJECT_DIR$/src/IO/IEEEGraph.cpp">
      <provider selected="true" editor-type-id="text-editor">
        <state vertical-scroll-proportion="0.108834825">
          <caret line="9" column="0" selection-start-line="9" selection-start-column="0" selection-end-line="9" selection-end-column="0" />
          <folding />
        </state>
      </provider>
    </entry>
    <entry file="file://$PROJECT_DIR$/test/ieee14cdf.txt">
      <provider selected="true" editor-type-id="text-editor">
        <state vertical-scroll-proportion="0.5761844">
          <caret line="30" column="121" selection-start-line="30" selection-start-column="121" selection-end-line="30" selection-end-column="121" />
          <folding />
        </state>
      </provider>
    </entry>
    <entry file="file://$PROJECT_DIR$/test/cdf.txt">
      <provider selected="true" editor-type-id="text-editor">
        <state vertical-scroll-proportion="0.019206146">
          <caret line="32" column="0" selection-start-line="32" selection-start-column="0" selection-end-line="32" selection-end-column="0" />
          <folding />
        </state>
      </provider>
    </entry>
    <entry file="file://$USER_HOME$/Downloads/matrix/testmat.cpp">
      <provider selected="true" editor-type-id="text-editor">
        <state vertical-scroll-proportion="0.59915614">
          <caret line="121" column="19" selection-start-line="121" selection-start-column="19" selection-end-line="121" selection-end-column="19" />
          <folding>
            <element signature="e#0#18#0" expanded="false" />
          </folding>
        </state>
      </provider>
    </entry>
    <entry file="file://$PROJECT_DIR$/CMakeLists.txt">
      <provider selected="true" editor-type-id="text-editor">
        <state vertical-scroll-proportion="0.16693164">
          <caret line="7" column="0" selection-start-line="7" selection-start-column="0" selection-end-line="7" selection-end-column="0" />
          <folding />
        </state>
      </provider>
    </entry>
    <entry file="file://$PROJECT_DIR$/test/dd17cdf.txt">
      <provider selected="true" editor-type-id="text-editor">
        <state vertical-scroll-proportion="0.3448276">
          <caret line="16" column="17" selection-start-line="16" selection-start-column="17" selection-end-line="16" selection-end-column="17" />
          <folding />
        </state>
      </provider>
    </entry>
    <entry file="file://$PROJECT_DIR$/lib/misc_utils/string_utils.hpp">
      <provider selected="true" editor-type-id="text-editor">
        <state vertical-scroll-proportion="-0.16791044">
          <caret line="1" column="35" selection-start-line="1" selection-start-column="8" selection-end-line="1" selection-end-column="35" />
          <folding />
        </state>
      </provider>
    </entry>
    <entry file="file:///Library/Developer/CommandLineTools/usr/include/c++/v1/memory">
      <provider selected="true" editor-type-id="text-editor">
        <state vertical-scroll-proportion="0.3328">
          <caret line="3817" column="4" selection-start-line="3817" selection-start-column="4" selection-end-line="3817" selection-end-column="4" />
          <folding />
        </state>
      </provider>
    </entry>
    <entry file="file://$PROJECT_DIR$/src/BusAgent.cpp">
      <provider selected="true" editor-type-id="text-editor">
        <state vertical-scroll-proportion="0.168">
          <caret line="9" column="10" selection-start-line="9" selection-start-column="10" selection-end-line="9" selection-end-column="10" />
          <folding />
        </state>
      </provider>
    </entry>
    <entry file="file://$PROJECT_DIR$/lib/misc_utils/linear_algebra.hpp">
      <provider selected="true" editor-type-id="text-editor">
        <state vertical-scroll-proportion="0.2495379">
          <caret line="73" column="0" selection-start-line="73" selection-start-column="0" selection-end-line="73" selection-end-column="0" />
          <folding>
            <element signature="e#116#132#0" expanded="true" />
            <element signature="e#513#522#0" expanded="true" />
            <element signature="e#1249#1258#0" expanded="true" />
            <element signature="e#1241#1618#0" expanded="false" />
            <element signature="e#1636#1645#0" expanded="true" />
            <element signature="e#1628#2104#0" expanded="false" />
            <element signature="e#2124#2133#0" expanded="true" />
            <element signature="e#2115#2440#0" expanded="false" />
            <element signature="e#2459#2468#0" expanded="true" />
            <element signature="e#2753#3026#0" expanded="false" />
            <element signature="e#3045#3054#0" expanded="true" />
            <element signature="e#3036#3416#0" expanded="false" />
          </folding>
        </state>
      </provider>
    </entry>
    <entry file="file://$PROJECT_DIR$/test/data.dat">
      <provider selected="true" editor-type-id="text-editor">
        <state vertical-scroll-proportion="0.0">
          <caret line="30" column="19" selection-start-line="30" selection-start-column="19" selection-end-line="30" selection-end-column="19" />
          <folding />
        </state>
      </provider>
    </entry>
    <entry file="file://$PROJECT_DIR$/main.cpp">
      <provider selected="true" editor-type-id="text-editor">
        <state vertical-scroll-proportion="0.0">
          <caret line="6" column="0" selection-start-line="6" selection-start-column="0" selection-end-line="6" selection-end-column="0" />
          <folding />
        </state>
      </provider>
    </entry>
    <entry file="file://$PROJECT_DIR$/todo.txt">
      <provider selected="true" editor-type-id="text-editor">
        <state vertical-scroll-proportion="0.0">
          <caret line="2" column="99" selection-start-line="2" selection-start-column="99" selection-end-line="2" selection-end-column="99" />
          <folding />
        </state>
      </provider>
    </entry>
    <entry file="file://$PROJECT_DIR$/src/Problem.cpp">
      <provider selected="true" editor-type-id="text-editor">
        <state vertical-scroll-proportion="0.0">
          <caret line="210" column="5" selection-start-line="210" selection-start-column="5" selection-end-line="210" selection-end-column="5" />
          <folding>
            <element signature="e#54#72#0" expanded="true" />
          </folding>
        </state>
      </provider>
    </entry>
    <entry file="file://$PROJECT_DIR$/src/FlowVariable.h">
      <provider selected="true" editor-type-id="text-editor">
        <state vertical-scroll-proportion="0.0">
          <caret line="94" column="80" selection-start-line="94" selection-start-column="80" selection-end-line="94" selection-end-column="80" />
          <folding>
            <element signature="e#120#137#0" expanded="true" />
          </folding>
        </state>
      </provider>
    </entry>
    <entry file="file://$PROJECT_DIR$/src/BusAgent.h">
      <provider selected="true" editor-type-id="text-editor">
        <state vertical-scroll-proportion="0.0">
          <caret line="73" column="4" selection-start-line="73" selection-start-column="4" selection-end-line="73" selection-end-column="10" />
          <folding>
            <element signature="e#2132#2754#0" expanded="false" />
          </folding>
        </state>
      </provider>
    </entry>
    <entry file="file://$PROJECT_DIR$/src/Problem.h">
      <provider selected="true" editor-type-id="text-editor">
        <state vertical-scroll-proportion="0.5329949">
          <caret line="17" column="0" selection-start-line="17" selection-start-column="0" selection-end-line="17" selection-end-column="0" />
          <folding>
            <element signature="e#272#534#0" expanded="false" />
          </folding>
        </state>
      </provider>
    </entry>
  </component>
</project>